[{"fields": {"model": "logentry", "name": "log entry", "app_label": "admin"}, "model": "contenttypes.contenttype", "pk": 1}, {"fields": {"model": "permission", "name": "permission", "app_label": "auth"}, "model": "contenttypes.contenttype", "pk": 2}, {"fields": {"model": "group", "name": "group", "app_label": "auth"}, "model": "contenttypes.contenttype", "pk": 3}, {"fields": {"model": "user", "name": "user", "app_label": "auth"}, "model": "contenttypes.contenttype", "pk": 4}, {"fields": {"model": "contenttype", "name": "content type", "app_label": "contenttypes"}, "model": "contenttypes.contenttype", "pk": 5}, {"fields": {"model": "session", "name": "session", "app_label": "sessions"}, "model": "contenttypes.contenttype", "pk": 6}, {"fields": {"model": "tiusuario", "name": "ti usuario", "app_label": "app_Pruebas"}, "model": "contenttypes.contenttype", "pk": 7}, {"fields": {"model": "niveles", "name": "niveles", "app_label": "app_Pruebas"}, "model": "contenttypes.contenttype", "pk": 8}, {"fields": {"model": "edades", "name": "edades", "app_label": "app_Pruebas"}, "model": "contenttypes.contenttype", "pk": 9}, {"fields": {"model": "pruebas", "name": "pruebas", "app_label": "app_Pruebas"}, "model": "contenttypes.contenttype", "pk": 10}, {"fields": {"model": "tipopregunta", "name": "tipo pregunta", "app_label": "app_Pruebas"}, "model": "contenttypes.contenttype", "pk": 11}, {"fields": {"model": "competencias", "name": "competencias", "app_label": "app_Pruebas"}, "model": "contenttypes.contenttype", "pk": 12}, {"fields": {"model": "preguntas", "name": "preguntas", "app_label": "app_Pruebas"}, "model": "contenttypes.contenttype", "pk": 13}, {"fields": {"model": "respuestas", "name": "respuestas", "app_label": "app_Pruebas"}, "model": "contenttypes.contenttype", "pk": 14}, {"fields": {"model": "recomendaciones", "name": "recomendaciones", "app_label": "app_Pruebas"}, "model": "contenttypes.contenttype", "pk": 15}, {"fields": {"model": "pruebasdeta", "name": "pruebas deta", "app_label": "app_Pruebas"}, "model": "contenttypes.contenttype", "pk": 16}, {"fields": {"expire_date": "2015-12-16T14:43:36.594Z", "session_data": "ZDhlNDNiOTJkOWEwNTlhNjczMDI2Zjc4YmQ5MjA2ZDBkYmMyNGQ5Yjp7Il9hdXRoX3VzZXJfaGFzaCI6IjcwZTRjN2U1YzgxNWU3N2U1N2I2NDQwYTM1OTkxOGZhZTlkNTUwYWQiLCJfYXV0aF91c2VyX2JhY2tlbmQiOiJkamFuZ28uY29udHJpYi5hdXRoLmJhY2tlbmRzLk1vZGVsQmFja2VuZCIsIl9hdXRoX3VzZXJfaWQiOjF9"}, "model": "sessions.session", "pk": "a8m1rm5f0dg049mmxc6y8vbpsz3uh0y1"}, {"fields": {"expire_date": "2016-02-15T14:18:39.251Z", "session_data": "ZDhlNDNiOTJkOWEwNTlhNjczMDI2Zjc4YmQ5MjA2ZDBkYmMyNGQ5Yjp7Il9hdXRoX3VzZXJfaGFzaCI6IjcwZTRjN2U1YzgxNWU3N2U1N2I2NDQwYTM1OTkxOGZhZTlkNTUwYWQiLCJfYXV0aF91c2VyX2JhY2tlbmQiOiJkamFuZ28uY29udHJpYi5hdXRoLmJhY2tlbmRzLk1vZGVsQmFja2VuZCIsIl9hdXRoX3VzZXJfaWQiOjF9"}, "model": "sessions.session", "pk": "dlcf7alwciwex93io8e03qnsu7cz81te"}, {"fields": {"nTiUsuario": "Administrador"}, "model": "app_Pruebas.tiusuario", "pk": 1}, {"fields": {"nTiUsuario": "Encuestado"}, "model": "app_Pruebas.tiusuario", "pk": 2}, {"fields": {"edadFinal": 18, "edadInicial": 12}, "model": "app_Pruebas.edades", "pk": 1}, {"fields": {"edadFinal": 28, "edadInicial": 19}, "model": "app_Pruebas.edades", "pk": 2}, {"fields": {"edadFinal": 40, "edadInicial": 29}, "model": "app_Pruebas.edades", "pk": 3}, {"fields": {"edadFinal": 50, "edadInicial": 41}, "model": "app_Pruebas.edades", "pk": 4}, {"fields": {"edadFinal": 100, "edadInicial": 50}, "model": "app_Pruebas.edades", "pk": 5}, {"fields": {"nTiPregunta": "seleccion"}, "model": "app_Pruebas.tipopregunta", "pk": 0}, {"fields": {"nTiPregunta": "actividad"}, "model": "app_Pruebas.tipopregunta", "pk": 1}, {"fields": {"descriCompetencia": "des", "nCompetencia": "solucion"}, "model": "app_Pruebas.competencias", "pk": 0}, {"fields": {"descriCompetencia": "des", "nCompetencia": "apropiacion"}, "model": "app_Pruebas.competencias", "pk": 1}, {"fields": {"valorGanador": 2, "tipoPregunta": 1, "urlArchivo": "/public/pruebas/apropiacion/asociacionMaterias.html", "competencia": 1, "detaPregunta": "Arrastras al computador las tecnolog\u00edas que creas correctas para resolver el problema planteado."}, "model": "app_Pruebas.preguntas", "pk": 0}, {"fields": {"valorGanador": 3, "tipoPregunta": 1, "urlArchivo": "/public/pruebas/apropiacion/mouse.html", "competencia": 1, "detaPregunta": "pincha los paquetes, cada fallo restara un intento"}, "model": "app_Pruebas.preguntas", "pk": 1}, {"fields": {"valorGanador": 5, "tipoPregunta": 1, "urlArchivo": "/public/pruebas/apropiacion/ordenarEstante.html", "competencia": 1, "detaPregunta": "Ordena el estante, arrastrando al correspondiente entre pa\u00f1o los art\u00edculos que se listan en la secci\u00f3n inferior."}, "model": "app_Pruebas.preguntas", "pk": 2}, {"fields": {"valorGanador": 10, "tipoPregunta": 0, "urlArchivo": "/public/pruebas/apropiacion/preguntaDos.html", "competencia": 1, "detaPregunta": "Para evitar problemas al utilizar la memoria USB , debo tener en cuenta..."}, "model": "app_Pruebas.preguntas", "pk": 3}, {"fields": {"valorGanador": 10, "tipoPregunta": 0, "urlArchivo": "/public/pruebas/apropiacion/preguntaUno.html", "competencia": 1, "detaPregunta": "Quiero darle informaci\u00f3n a muchos clientes, \u00bfque puedo hacer?"}, "model": "app_Pruebas.preguntas", "pk": 4}, {"fields": {"valorGanador": 2, "tipoPregunta": 1, "urlArchivo": "/public/pruebas/solucion/AsosiacionPrograms.html", "competencia": 0, "detaPregunta": "Arrastra al computador los iconos de las herramientas que creas correctos para resolver el problema propuesto"}, "model": "app_Pruebas.preguntas", "pk": 5}, {"fields": {"valorGanador": 10, "tipoPregunta": 0, "urlArchivo": "/public/pruebas/solucion/preguntaCinco.html", "competencia": 0, "detaPregunta": "Para sacar muchas facturas de manera eficiente y r\u00e1pida utiliza"}, "model": "app_Pruebas.preguntas", "pk": 6}, {"fields": {"valorGanador": 10, "tipoPregunta": 0, "urlArchivo": "/public/pruebas/solucion/preguntaCuatro.html", "competencia": 0, "detaPregunta": "Cual de los siguiente artefactos no le produce ahorro o utilidad a su empresa..."}, "model": "app_Pruebas.preguntas", "pk": 7}, {"fields": {"valorGanador": 10, "tipoPregunta": 0, "urlArchivo": "/public/pruebas/solucion/preguntaSeis.html", "competencia": 0, "detaPregunta": "Al realizar un conteo me dio cuenta que tengo faltantes y sobrantes en mi bodega, \u00bfpara resolverlo qu\u00e9 debo hacer?"}, "model": "app_Pruebas.preguntas", "pk": 8}, {"fields": {"valorGanador": 10, "tipoPregunta": 0, "urlArchivo": "/public/pruebas/solucion/preguntaTres.html", "competencia": 0, "detaPregunta": "Antes de Instalar un computador debo..."}, "model": "app_Pruebas.preguntas", "pk": 9}, {"fields": {"detaRecomendacion": "Practica el uso de mouse", "preguntas": 1, "valorNecesario": "b"}, "model": "app_Pruebas.recomendaciones", "pk": 0}, {"fields": {"detaRecomendacion": "Lo haces bien, pero debes practicar para perfeccionar tus habilidades.", "preguntas": 1, "valorNecesario": "m"}, "model": "app_Pruebas.recomendaciones", "pk": 1}, {"fields": {"detaRecomendacion": "Perfecto, eres muy h\u00e1bil con el mouse.", "preguntas": 1, "valorNecesario": "a"}, "model": "app_Pruebas.recomendaciones", "pk": 2}, {"fields": {"detaRecomendacion": "Perfecto, sabes utilizar muy bien las tecnologias", "preguntas": 0, "valorNecesario": "a"}, "model": "app_Pruebas.recomendaciones", "pk": 3}, {"fields": {"detaRecomendacion": "Lo haces bien, pero debes estudiar mas sobre las tecnolog\u00edas y sus respectivos usos.", "preguntas": 0, "valorNecesario": "m"}, "model": "app_Pruebas.recomendaciones", "pk": 4}, {"fields": {"detaRecomendacion": "No fue tan bien, sigue estudiando las tecnolog\u00edas y su uso.", "preguntas": 0, "valorNecesario": "b"}, "model": "app_Pruebas.recomendaciones", "pk": 5}, {"fields": {"detaRecomendacion": "Perfecto, eres muy h\u00e1bil con el mouse.", "preguntas": 2, "valorNecesario": "a"}, "model": "app_Pruebas.recomendaciones", "pk": 6}, {"fields": {"detaRecomendacion": "Lo haces bien, pero debes practicar para perfeccionar tus habilidades.", "preguntas": 2, "valorNecesario": "m"}, "model": "app_Pruebas.recomendaciones", "pk": 7}, {"fields": {"detaRecomendacion": "Practica el uso de mouse", "preguntas": 2, "valorNecesario": "b"}, "model": "app_Pruebas.recomendaciones", "pk": 8}, {"fields": {"detaRecomendacion": "Perfecto, sabes como manejar problemas cotidianos de los aparatos electronicos.", "preguntas": 3, "valorNecesario": "a"}, "model": "app_Pruebas.recomendaciones", "pk": 9}, {"fields": {"detaRecomendacion": "Lo haces bien, pero estudia mas el uso de los aparatos electronicos", "preguntas": 3, "valorNecesario": "m"}, "model": "app_Pruebas.recomendaciones", "pk": 10}, {"fields": {"detaRecomendacion": "Desbes estudiar mas sobre el manejo los aparatos electronicos.", "preguntas": 3, "valorNecesario": "b"}, "model": "app_Pruebas.recomendaciones", "pk": 11}, {"fields": {"detaRecomendacion": "Perfecto,  tienes buenas bases con respecto a tecnologias de comunicacion", "preguntas": 4, "valorNecesario": "a"}, "model": "app_Pruebas.recomendaciones", "pk": 12}, {"fields": {"detaRecomendacion": "Lo haces bien, pero estudia mas las tecnologias de la comunicacion.", "preguntas": 4, "valorNecesario": "m"}, "model": "app_Pruebas.recomendaciones", "pk": 13}, {"fields": {"detaRecomendacion": "Desbes estudiar mas las tecnologias de la comunicacion.", "preguntas": 4, "valorNecesario": "b"}, "model": "app_Pruebas.recomendaciones", "pk": 14}, {"fields": {"detaRecomendacion": "Perfecto, asoscias de forma correcta las heramientas con un determinado problema.", "preguntas": 5, "valorNecesario": "a"}, "model": "app_Pruebas.recomendaciones", "pk": 15}, {"fields": {"detaRecomendacion": "Esta bien, pero ejercita tus conocimientos.", "preguntas": 5, "valorNecesario": "m"}, "model": "app_Pruebas.recomendaciones", "pk": 16}, {"fields": {"detaRecomendacion": "esfuerzate por estudiar y practicar el uso de tecnologias y su aplicacion.", "preguntas": 5, "valorNecesario": "b"}, "model": "app_Pruebas.recomendaciones", "pk": 17}, {"fields": {"detaRecomendacion": "Perfecto, tienes buenas bases con respecto a tecnologias como facilitador de tareas cotidianas", "preguntas": 6, "valorNecesario": "a"}, "model": "app_Pruebas.recomendaciones", "pk": 18}, {"fields": {"detaRecomendacion": "Lo haces bien, pero estudia mas las tecnologias como un facilitador de tareas.", "preguntas": 6, "valorNecesario": "m"}, "model": "app_Pruebas.recomendaciones", "pk": 19}, {"fields": {"detaRecomendacion": "Desbes estudiar mas las tecnologias como un facilitador de tareas.", "preguntas": 6, "valorNecesario": "b"}, "model": "app_Pruebas.recomendaciones", "pk": 20}, {"fields": {"detaRecomendacion": "Perfecto, sabes distinguir la utilidad de aparatos electronicos.", "preguntas": 7, "valorNecesario": "a"}, "model": "app_Pruebas.recomendaciones", "pk": 21}, {"fields": {"detaRecomendacion": "Lo haces bien, pero estudia estudia mas cada aparato y su utilidad.", "preguntas": 7, "valorNecesario": "m"}, "model": "app_Pruebas.recomendaciones", "pk": 22}, {"fields": {"detaRecomendacion": "Desbes estudiar mas los aparatos tecnologicos y su utilidad.", "preguntas": 7, "valorNecesario": "b"}, "model": "app_Pruebas.recomendaciones", "pk": 23}, {"fields": {"detaRecomendacion": "Perfecto, tienes buenas bases con respecto a tecnologias como facilitador de tareas cotidianas", "preguntas": 8, "valorNecesario": "a"}, "model": "app_Pruebas.recomendaciones", "pk": 24}, {"fields": {"detaRecomendacion": "Lo haces bien, pero estudia mas las tecnologias como un facilitador de tareas.", "preguntas": 8, "valorNecesario": "m"}, "model": "app_Pruebas.recomendaciones", "pk": 25}, {"fields": {"detaRecomendacion": "Desbes estudiar mas las tecnologias como un facilitador de tareas.", "preguntas": 8, "valorNecesario": "b"}, "model": "app_Pruebas.recomendaciones", "pk": 26}, {"fields": {"detaRecomendacion": "Perfecto, sabes como actuar frente a situaciones desconocidas.", "preguntas": 9, "valorNecesario": "a"}, "model": "app_Pruebas.recomendaciones", "pk": 27}, {"fields": {"detaRecomendacion": "Tienes idea, pero debes asesorarte mas sobre como actuar en situaciones desconocidas.", "preguntas": 9, "valorNecesario": "m"}, "model": "app_Pruebas.recomendaciones", "pk": 28}, {"fields": {"detaRecomendacion": "Debes asesorarte mas sobre como actuar en situaciones desconocidas.", "preguntas": 9, "valorNecesario": "b"}, "model": "app_Pruebas.recomendaciones", "pk": 29}, {"fields": {"codename": "add_logentry", "name": "Can add log entry", "content_type": 1}, "model": "auth.permission", "pk": 1}, {"fields": {"codename": "change_logentry", "name": "Can change log entry", "content_type": 1}, "model": "auth.permission", "pk": 2}, {"fields": {"codename": "delete_logentry", "name": "Can delete log entry", "content_type": 1}, "model": "auth.permission", "pk": 3}, {"fields": {"codename": "add_permission", "name": "Can add permission", "content_type": 2}, "model": "auth.permission", "pk": 4}, {"fields": {"codename": "change_permission", "name": "Can change permission", "content_type": 2}, "model": "auth.permission", "pk": 5}, {"fields": {"codename": "delete_permission", "name": "Can delete permission", "content_type": 2}, "model": "auth.permission", "pk": 6}, {"fields": {"codename": "add_group", "name": "Can add group", "content_type": 3}, "model": "auth.permission", "pk": 7}, {"fields": {"codename": "change_group", "name": "Can change group", "content_type": 3}, "model": "auth.permission", "pk": 8}, {"fields": {"codename": "delete_group", "name": "Can delete group", "content_type": 3}, "model": "auth.permission", "pk": 9}, {"fields": {"codename": "add_user", "name": "Can add user", "content_type": 4}, "model": "auth.permission", "pk": 10}, {"fields": {"codename": "change_user", "name": "Can change user", "content_type": 4}, "model": "auth.permission", "pk": 11}, {"fields": {"codename": "delete_user", "name": "Can delete user", "content_type": 4}, "model": "auth.permission", "pk": 12}, {"fields": {"codename": "add_contenttype", "name": "Can add content type", "content_type": 5}, "model": "auth.permission", "pk": 13}, {"fields": {"codename": "change_contenttype", "name": "Can change content type", "content_type": 5}, "model": "auth.permission", "pk": 14}, {"fields": {"codename": "delete_contenttype", "name": "Can delete content type", "content_type": 5}, "model": "auth.permission", "pk": 15}, {"fields": {"codename": "add_session", "name": "Can add session", "content_type": 6}, "model": "auth.permission", "pk": 16}, {"fields": {"codename": "change_session", "name": "Can change session", "content_type": 6}, "model": "auth.permission", "pk": 17}, {"fields": {"codename": "delete_session", "name": "Can delete session", "content_type": 6}, "model": "auth.permission", "pk": 18}, {"fields": {"codename": "add_tiusuario", "name": "Can add ti usuario", "content_type": 7}, "model": "auth.permission", "pk": 19}, {"fields": {"codename": "change_tiusuario", "name": "Can change ti usuario", "content_type": 7}, "model": "auth.permission", "pk": 20}, {"fields": {"codename": "delete_tiusuario", "name": "Can delete ti usuario", "content_type": 7}, "model": "auth.permission", "pk": 21}, {"fields": {"codename": "add_niveles", "name": "Can add niveles", "content_type": 8}, "model": "auth.permission", "pk": 22}, {"fields": {"codename": "change_niveles", "name": "Can change niveles", "content_type": 8}, "model": "auth.permission", "pk": 23}, {"fields": {"codename": "delete_niveles", "name": "Can delete niveles", "content_type": 8}, "model": "auth.permission", "pk": 24}, {"fields": {"codename": "add_edades", "name": "Can add edades", "content_type": 9}, "model": "auth.permission", "pk": 25}, {"fields": {"codename": "change_edades", "name": "Can change edades", "content_type": 9}, "model": "auth.permission", "pk": 26}, {"fields": {"codename": "delete_edades", "name": "Can delete edades", "content_type": 9}, "model": "auth.permission", "pk": 27}, {"fields": {"codename": "add_pruebas", "name": "Can add pruebas", "content_type": 10}, "model": "auth.permission", "pk": 28}, {"fields": {"codename": "change_pruebas", "name": "Can change pruebas", "content_type": 10}, "model": "auth.permission", "pk": 29}, {"fields": {"codename": "delete_pruebas", "name": "Can delete pruebas", "content_type": 10}, "model": "auth.permission", "pk": 30}, {"fields": {"codename": "add_tipopregunta", "name": "Can add tipo pregunta", "content_type": 11}, "model": "auth.permission", "pk": 31}, {"fields": {"codename": "change_tipopregunta", "name": "Can change tipo pregunta", "content_type": 11}, "model": "auth.permission", "pk": 32}, {"fields": {"codename": "delete_tipopregunta", "name": "Can delete tipo pregunta", "content_type": 11}, "model": "auth.permission", "pk": 33}, {"fields": {"codename": "add_competencias", "name": "Can add competencias", "content_type": 12}, "model": "auth.permission", "pk": 34}, {"fields": {"codename": "change_competencias", "name": "Can change competencias", "content_type": 12}, "model": "auth.permission", "pk": 35}, {"fields": {"codename": "delete_competencias", "name": "Can delete competencias", "content_type": 12}, "model": "auth.permission", "pk": 36}, {"fields": {"codename": "add_preguntas", "name": "Can add preguntas", "content_type": 13}, "model": "auth.permission", "pk": 37}, {"fields": {"codename": "change_preguntas", "name": "Can change preguntas", "content_type": 13}, "model": "auth.permission", "pk": 38}, {"fields": {"codename": "delete_preguntas", "name": "Can delete preguntas", "content_type": 13}, "model": "auth.permission", "pk": 39}, {"fields": {"codename": "add_respuestas", "name": "Can add respuestas", "content_type": 14}, "model": "auth.permission", "pk": 40}, {"fields": {"codename": "change_respuestas", "name": "Can change respuestas", "content_type": 14}, "model": "auth.permission", "pk": 41}, {"fields": {"codename": "delete_respuestas", "name": "Can delete respuestas", "content_type": 14}, "model": "auth.permission", "pk": 42}, {"fields": {"codename": "add_recomendaciones", "name": "Can add recomendaciones", "content_type": 15}, "model": "auth.permission", "pk": 43}, {"fields": {"codename": "change_recomendaciones", "name": "Can change recomendaciones", "content_type": 15}, "model": "auth.permission", "pk": 44}, {"fields": {"codename": "delete_recomendaciones", "name": "Can delete recomendaciones", "content_type": 15}, "model": "auth.permission", "pk": 45}, {"fields": {"codename": "add_pruebasdeta", "name": "Can add pruebas deta", "content_type": 16}, "model": "auth.permission", "pk": 46}, {"fields": {"codename": "change_pruebasdeta", "name": "Can change pruebas deta", "content_type": 16}, "model": "auth.permission", "pk": 47}, {"fields": {"codename": "delete_pruebasdeta", "name": "Can delete pruebas deta", "content_type": 16}, "model": "auth.permission", "pk": 48}, {"fields": {"username": "midas", "first_name": "", "last_name": "", "is_active": true, "is_superuser": true, "is_staff": true, "last_login": "2016-02-01T14:18:39.116Z", "groups": [], "user_permissions": [], "password": "pbkdf2_sha256$12000$ddv4tXDwaubT$PndlrANNSu8wvf8HJZ+Uvrz85eQZSK65ECfHaHuqeQA=", "email": "", "date_joined": "2015-12-02T14:43:21.523Z"}, "model": "auth.user", "pk": 1}, {"fields": {"username": "abc", "first_name": "a", "last_name": "a", "is_active": true, "is_superuser": false, "is_staff": false, "last_login": "2016-02-01T14:18:33.194Z", "groups": [], "user_permissions": [], "password": "pbkdf2_sha256$12000$epksUlzAC5Au$3jaOEvlLxl9BHkaxnvQAYku+n/P13AiOZQ+ZrF33CWE=", "email": "a@gmail.com", "date_joined": "2016-02-01T14:18:33.194Z"}, "model": "auth.user", "pk": 2}, {"fields": {"fNaci": "2016-02-21", "user": 2, "residencia": "asdsfds"}, "model": "app_Users.userapp", "pk": 1}, {"fields": {"action_flag": 1, "action_time": "2015-12-02T14:49:21.030Z", "object_repr": "actividad", "object_id": "1", "change_message": "", "user": 1, "content_type": 11}, "model": "admin.logentry", "pk": 1}, {"fields": {"action_flag": 1, "action_time": "2015-12-02T14:49:49.231Z", "object_repr": "seleccion", "object_id": "0", "change_message": "", "user": 1, "content_type": 11}, "model": "admin.logentry", "pk": 2}, {"fields": {"action_flag": 1, "action_time": "2015-12-02T14:50:25.160Z", "object_repr": "solucion", "object_id": "0", "change_message": "", "user": 1, "content_type": 12}, "model": "admin.logentry", "pk": 3}, {"fields": {"action_flag": 1, "action_time": "2015-12-02T14:50:37.071Z", "object_repr": "apropiacion", "object_id": "1", "change_message": "", "user": 1, "content_type": 12}, "model": "admin.logentry", "pk": 4}, {"fields": {"action_flag": 1, "action_time": "2015-12-02T14:54:00.160Z", "object_repr": "pregunta #0 - Competencia apropiacion", "object_id": "0", "change_message": "", "user": 1, "content_type": 13}, "model": "admin.logentry", "pk": 5}, {"fields": {"action_flag": 1, "action_time": "2015-12-02T14:54:55.548Z", "object_repr": "pregunta #1 - Competencia apropiacion", "object_id": "1", "change_message": "", "user": 1, "content_type": 13}, "model": "admin.logentry", "pk": 6}, {"fields": {"action_flag": 1, "action_time": "2015-12-02T14:56:13.611Z", "object_repr": "pregunta #2 - Competencia apropiacion", "object_id": "2", "change_message": "", "user": 1, "content_type": 13}, "model": "admin.logentry", "pk": 7}, {"fields": {"action_flag": 1, "action_time": "2015-12-02T14:57:09.424Z", "object_repr": "pregunta #3 - Competencia apropiacion", "object_id": "3", "change_message": "", "user": 1, "content_type": 13}, "model": "admin.logentry", "pk": 8}, {"fields": {"action_flag": 1, "action_time": "2015-12-02T14:57:32.699Z", "object_repr": "pregunta #4 - Competencia apropiacion", "object_id": "4", "change_message": "", "user": 1, "content_type": 13}, "model": "admin.logentry", "pk": 9}, {"fields": {"action_flag": 1, "action_time": "2015-12-02T14:58:48.832Z", "object_repr": "pregunta #5 - Competencia solucion", "object_id": "5", "change_message": "", "user": 1, "content_type": 13}, "model": "admin.logentry", "pk": 10}, {"fields": {"action_flag": 1, "action_time": "2015-12-02T14:59:27.254Z", "object_repr": "pregunta #6 - Competencia solucion", "object_id": "6", "change_message": "", "user": 1, "content_type": 13}, "model": "admin.logentry", "pk": 11}, {"fields": {"action_flag": 1, "action_time": "2015-12-02T14:59:53.454Z", "object_repr": "pregunta #7 - Competencia solucion", "object_id": "7", "change_message": "", "user": 1, "content_type": 13}, "model": "admin.logentry", "pk": 12}, {"fields": {"action_flag": 1, "action_time": "2015-12-02T15:00:18.838Z", "object_repr": "pregunta #8 - Competencia solucion", "object_id": "8", "change_message": "", "user": 1, "content_type": 13}, "model": "admin.logentry", "pk": 13}, {"fields": {"action_flag": 1, "action_time": "2015-12-02T15:00:55.728Z", "object_repr": "pregunta #9 - Competencia solucion", "object_id": "9", "change_message": "", "user": 1, "content_type": 13}, "model": "admin.logentry", "pk": 14}, {"fields": {"action_flag": 1, "action_time": "2015-12-02T15:47:13.218Z", "object_repr": "recomendaciones object", "object_id": "0", "change_message": "", "user": 1, "content_type": 15}, "model": "admin.logentry", "pk": 15}, {"fields": {"action_flag": 1, "action_time": "2015-12-02T15:47:44.259Z", "object_repr": "recomendaciones object", "object_id": "1", "change_message": "", "user": 1, "content_type": 15}, "model": "admin.logentry", "pk": 16}, {"fields": {"action_flag": 1, "action_time": "2015-12-02T15:48:12.033Z", "object_repr": "recomendaciones object", "object_id": "2", "change_message": "", "user": 1, "content_type": 15}, "model": "admin.logentry", "pk": 17}, {"fields": {"action_flag": 1, "action_time": "2015-12-03T12:44:44.938Z", "object_repr": "Recomendacion --> pregunta #0 - Competencia apropiacion", "object_id": "3", "change_message": "", "user": 1, "content_type": 15}, "model": "admin.logentry", "pk": 18}, {"fields": {"action_flag": 1, "action_time": "2015-12-03T12:45:33.911Z", "object_repr": "Recomendacion --> pregunta #0 - Competencia apropiacion", "object_id": "4", "change_message": "", "user": 1, "content_type": 15}, "model": "admin.logentry", "pk": 19}, {"fields": {"action_flag": 1, "action_time": "2015-12-03T12:46:38.279Z", "object_repr": "Recomendacion --> pregunta #0 - Competencia apropiacion", "object_id": "5", "change_message": "", "user": 1, "content_type": 15}, "model": "admin.logentry", "pk": 20}, {"fields": {"action_flag": 1, "action_time": "2015-12-03T12:47:58.795Z", "object_repr": "Recomendacion --> pregunta #2 - Competencia apropiacion", "object_id": "6", "change_message": "", "user": 1, "content_type": 15}, "model": "admin.logentry", "pk": 21}, {"fields": {"action_flag": 1, "action_time": "2015-12-03T12:48:15.749Z", "object_repr": "Recomendacion --> pregunta #2 - Competencia apropiacion", "object_id": "7", "change_message": "", "user": 1, "content_type": 15}, "model": "admin.logentry", "pk": 22}, {"fields": {"action_flag": 1, "action_time": "2015-12-03T12:48:33.170Z", "object_repr": "Recomendacion --> pregunta #2 - Competencia apropiacion", "object_id": "8", "change_message": "", "user": 1, "content_type": 15}, "model": "admin.logentry", "pk": 23}, {"fields": {"action_flag": 1, "action_time": "2016-02-01T14:20:01.267Z", "object_repr": "12 - 18", "object_id": "1", "change_message": "", "user": 1, "content_type": 9}, "model": "admin.logentry", "pk": 24}, {"fields": {"action_flag": 1, "action_time": "2016-02-01T14:20:05.773Z", "object_repr": "19 - 28", "object_id": "2", "change_message": "", "user": 1, "content_type": 9}, "model": "admin.logentry", "pk": 25}, {"fields": {"action_flag": 1, "action_time": "2016-02-01T14:20:09.980Z", "object_repr": "29 - 40", "object_id": "3", "change_message": "", "user": 1, "content_type": 9}, "model": "admin.logentry", "pk": 26}, {"fields": {"action_flag": 1, "action_time": "2016-02-01T14:20:16.675Z", "object_repr": "41 - 50", "object_id": "4", "change_message": "", "user": 1, "content_type": 9}, "model": "admin.logentry", "pk": 27}, {"fields": {"action_flag": 1, "action_time": "2016-02-01T14:20:19.856Z", "object_repr": "50 - 100", "object_id": "5", "change_message": "", "user": 1, "content_type": 9}, "model": "admin.logentry", "pk": 28}, {"fields": {"action_flag": 1, "action_time": "2016-02-01T14:20:48.297Z", "object_repr": "Administrador", "object_id": "1", "change_message": "", "user": 1, "content_type": 7}, "model": "admin.logentry", "pk": 29}, {"fields": {"action_flag": 1, "action_time": "2016-02-01T14:20:52.527Z", "object_repr": "Encuestado", "object_id": "2", "change_message": "", "user": 1, "content_type": 7}, "model": "admin.logentry", "pk": 30}]